Workbook

Sheet Calculator
A1: MUS Risk-Aligned Allocation Calculator
A2: Allocation aid: distributes a probabilistic sample size you have already chosen across amount bands, after certainty items are removed. It does not determine sample size. Blue cells on yellow are inputs; everything else is a formula.
A4: Mode (Basic or Advanced) | B4: Advanced | C4: Basic: dollar share and occurrence only (severity and cost assumed equal across bands). Advanced: adds severity, and cost when the budget basis is Cost.
A5: Budget basis (Count or Cost) | B5: Count | C5: Count: B6 is a fixed number of transactions; with the count fixed, the variance-minimizing allocation does not depend on review cost, so cost is not used. Cost: B6 is an expected review budget in cost units (column G); cost enters the allocation and the expected counts are outputs.
A6: Planned sample size (Count) or expected review budget (Cost) | B6: 400 | C6: Chosen by the auditor from the engagement's own sample-size method; this workbook only allocates it.
A7: Reference band (1-4) for column Q | B7: 2 | C7: Column Q shows the occurrence at which each band's risk multiplier would equal the reference band's. MUS is recovered only when every band's multiplier is equal.
A8: Check: dollar shares sum to 100% | B8: =IF(ABS(D14-1)<0.0005,"OK","Dollar shares must sum to 100%")
A9: Band | B9: Label / amount range | C9: Number of transactions | D9: % of remaining dollars (D_h) | E9: Expected error occurrence % (p_h) | F9: Expected RMS % error when erroneous (sqrt of s_h) | G9: Expected review cost per item (Cost basis only) | H9: Severity used (s_h) | I9: Cost used (c_h) | J9: Risk multiplier sqrt(p*s/c), relative to reference band | K9: Unnormalized allocation weight D_h x multiplier | L9: MUS share (dollar-proportional) | M9: Suggested sample % (risk-aligned) | N9: MUS sample count | O9: Suggested sample count | P9: Difference (suggested minus MUS) | Q9: Occurrence matching the reference band's risk multiplier | R9: Occurrence at which this band's share equals its MUS share (other bands fixed) | S9: Suggested coverage (% of band's transactions) | T9: MUS coverage (% of band's transactions) | U9: helper: suggested exact | V9: helper: floor | W9: helper: remainder | X9: helper: rank | Y9: helper: MUS exact | Z9: helper: floor | AA9: helper: remainder | AB9: helper: rank
A10: 1 | B10: Below $1,000 | C10: 6000 | D10: 0.1 | E10: 0.01 | F10: 0.54772256 | G10: 1 | H10: =IF(AND($B$4="Advanced",F10>0),F10^2,1) | I10: =IF(AND($B$4="Advanced",$B$5="Cost",G10>0),G10,1) | J10: =IF(OR(D10=0,E10=0),0,SQRT(E10*H10/I10)/SQRT(INDEX($E$10:$E$13,$B$7)*INDEX($H$10:$H$13,$B$7)/INDEX($I$10:$I$13,$B$7))) | K10: =D10*J10 | L10: =IF($D$14=0,0,D10/$D$14) | M10: =IF($K$14=0,0,K10/$K$14) | N10: =IF($B$5="Cost",Z10,Z10+IF(AB10<=$B$18-SUM($Z$10:$Z$13),1,0)) | O10: =IF($B$5="Cost",V10,V10+IF(X10<=$B$17-SUM($V$10:$V$13),1,0)) | P10: =O10-N10 | Q10: =IF(OR(D10=0,H10=0),"",INDEX($E$10:$E$13,$B$7)*INDEX($H$10:$H$13,$B$7)/INDEX($I$10:$I$13,$B$7)*I10/H10) | R10: =IF(OR(D10=0,H10=0,L10>=1),"",I10/H10*(SQRT(INDEX($E$10:$E$13,$B$7)*INDEX($H$10:$H$13,$B$7)/INDEX($I$10:$I$13,$B$7))*($K$14-K10)/$D$14/(1-L10))^2) | S10: =IF(C10=0,"",O10/C10) | T10: =IF(C10=0,"",N10/C10) | U10: =M10*$B$17 | V10: =INT(U10) | W10: =U10-V10 | X10: =IF(U10=0,99,1+COUNTIF($W$10:$W$13,">"&W10)+COUNTIF($W$9:W9,W10)) | Y10: =L10*$B$18 | Z10: =INT(Y10) | AA10: =Y10-Z10 | AB10: =IF(Y10=0,99,1+COUNTIF($AA$10:$AA$13,">"&AA10)+COUNTIF($AA$9:AA9,AA10))
A11: 2 | B11: $1,000 to $9,999 | C11: 2500 | D11: 0.3 | E11: 0.015 | F11: 0.38729833 | G11: 1 | H11: =IF(AND($B$4="Advanced",F11>0),F11^2,1) | I11: =IF(AND($B$4="Advanced",$B$5="Cost",G11>0),G11,1) | J11: =IF(OR(D11=0,E11=0),0,SQRT(E11*H11/I11)/SQRT(INDEX($E$10:$E$13,$B$7)*INDEX($H$10:$H$13,$B$7)/INDEX($I$10:$I$13,$B$7))) | K11: =D11*J11 | L11: =IF($D$14=0,0,D11/$D$14) | M11: =IF($K$14=0,0,K11/$K$14) | N11: =IF($B$5="Cost",Z11,Z11+IF(AB11<=$B$18-SUM($Z$10:$Z$13),1,0)) | O11: =IF($B$5="Cost",V11,V11+IF(X11<=$B$17-SUM($V$10:$V$13),1,0)) | P11: =O11-N11 | Q11: =IF(OR(D11=0,H11=0),"",INDEX($E$10:$E$13,$B$7)*INDEX($H$10:$H$13,$B$7)/INDEX($I$10:$I$13,$B$7)*I11/H11) | R11: =IF(OR(D11=0,H11=0,L11>=1),"",I11/H11*(SQRT(INDEX($E$10:$E$13,$B$7)*INDEX($H$10:$H$13,$B$7)/INDEX($I$10:$I$13,$B$7))*($K$14-K11)/$D$14/(1-L11))^2) | S11: =IF(C11=0,"",O11/C11) | T11: =IF(C11=0,"",N11/C11) | U11: =M11*$B$17 | V11: =INT(U11) | W11: =U11-V11 | X11: =IF(U11=0,99,1+COUNTIF($W$10:$W$13,">"&W11)+COUNTIF($W$9:W10,W11)) | Y11: =L11*$B$18 | Z11: =INT(Y11) | AA11: =Y11-Z11 | AB11: =IF(Y11=0,99,1+COUNTIF($AA$10:$AA$13,">"&AA11)+COUNTIF($AA$9:AA10,AA11))
A12: 3 | B12: $10,000 to $99,999 | C12: 800 | D12: 0.4 | E12: 0.02 | F12: 0.24494897 | G12: 1 | H12: =IF(AND($B$4="Advanced",F12>0),F12^2,1) | I12: =IF(AND($B$4="Advanced",$B$5="Cost",G12>0),G12,1) | J12: =IF(OR(D12=0,E12=0),0,SQRT(E12*H12/I12)/SQRT(INDEX($E$10:$E$13,$B$7)*INDEX($H$10:$H$13,$B$7)/INDEX($I$10:$I$13,$B$7))) | K12: =D12*J12 | L12: =IF($D$14=0,0,D12/$D$14) | M12: =IF($K$14=0,0,K12/$K$14) | N12: =IF($B$5="Cost",Z12,Z12+IF(AB12<=$B$18-SUM($Z$10:$Z$13),1,0)) | O12: =IF($B$5="Cost",V12,V12+IF(X12<=$B$17-SUM($V$10:$V$13),1,0)) | P12: =O12-N12 | Q12: =IF(OR(D12=0,H12=0),"",INDEX($E$10:$E$13,$B$7)*INDEX($H$10:$H$13,$B$7)/INDEX($I$10:$I$13,$B$7)*I12/H12) | R12: =IF(OR(D12=0,H12=0,L12>=1),"",I12/H12*(SQRT(INDEX($E$10:$E$13,$B$7)*INDEX($H$10:$H$13,$B$7)/INDEX($I$10:$I$13,$B$7))*($K$14-K12)/$D$14/(1-L12))^2) | S12: =IF(C12=0,"",O12/C12) | T12: =IF(C12=0,"",N12/C12) | U12: =M12*$B$17 | V12: =INT(U12) | W12: =U12-V12 | X12: =IF(U12=0,99,1+COUNTIF($W$10:$W$13,">"&W12)+COUNTIF($W$9:W11,W12)) | Y12: =L12*$B$18 | Z12: =INT(Y12) | AA12: =Y12-Z12 | AB12: =IF(Y12=0,99,1+COUNTIF($AA$10:$AA$13,">"&AA12)+COUNTIF($AA$9:AA11,AA12))
A13: 4 | B13: $100,000 to certainty threshold | C13: 120 | D13: 0.2 | E13: 0.025 | F13: 0.14142136 | G13: 1 | H13: =IF(AND($B$4="Advanced",F13>0),F13^2,1) | I13: =IF(AND($B$4="Advanced",$B$5="Cost",G13>0),G13,1) | J13: =IF(OR(D13=0,E13=0),0,SQRT(E13*H13/I13)/SQRT(INDEX($E$10:$E$13,$B$7)*INDEX($H$10:$H$13,$B$7)/INDEX($I$10:$I$13,$B$7))) | K13: =D13*J13 | L13: =IF($D$14=0,0,D13/$D$14) | M13: =IF($K$14=0,0,K13/$K$14) | N13: =IF($B$5="Cost",Z13,Z13+IF(AB13<=$B$18-SUM($Z$10:$Z$13),1,0)) | O13: =IF($B$5="Cost",V13,V13+IF(X13<=$B$17-SUM($V$10:$V$13),1,0)) | P13: =O13-N13 | Q13: =IF(OR(D13=0,H13=0),"",INDEX($E$10:$E$13,$B$7)*INDEX($H$10:$H$13,$B$7)/INDEX($I$10:$I$13,$B$7)*I13/H13) | R13: =IF(OR(D13=0,H13=0,L13>=1),"",I13/H13*(SQRT(INDEX($E$10:$E$13,$B$7)*INDEX($H$10:$H$13,$B$7)/INDEX($I$10:$I$13,$B$7))*($K$14-K13)/$D$14/(1-L13))^2) | S13: =IF(C13=0,"",O13/C13) | T13: =IF(C13=0,"",N13/C13) | U13: =M13*$B$17 | V13: =INT(U13) | W13: =U13-V13 | X13: =IF(U13=0,99,1+COUNTIF($W$10:$W$13,">"&W13)+COUNTIF($W$9:W12,W13)) | Y13: =L13*$B$18 | Z13: =INT(Y13) | AA13: =Y13-Z13 | AB13: =IF(Y13=0,99,1+COUNTIF($AA$10:$AA$13,">"&AA13)+COUNTIF($AA$9:AA12,AA13))
A14: Total | C14: =SUM(C10:C13) | D14: =SUM(D10:D13) | K14: =SUM(K10:K13) | L14: =SUM(L10:L13) | M14: =SUM(M10:M13) | N14: =SUM(N10:N13) | O14: =SUM(O10:O13) | P14: =SUM(P10:P13)
A16: Totals and review cost
A17: Total expected count, suggested allocation | B17: =IF($B$5="Cost",IF(SUMPRODUCT(M10:M13,I10:I13)=0,0,$B$6/SUMPRODUCT(M10:M13,I10:I13)),$B$6) | C17: Count basis: equals B6, and band counts are allocated by largest-remainder rounding, so they sum exactly to it. Cost basis: the continuous expected count is the budget divided by the expected cost per selection under that allocation; each band's count is then rounded down, so the rounded allocation never costs more than the budget (B21 confirms this), and the unspent remainder is less than one selection's cost per band.
A18: Total expected count, MUS allocation | B18: =IF($B$5="Cost",IF(SUMPRODUCT(L10:L13,I10:I13)=0,0,$B$6/SUMPRODUCT(L10:L13,I10:I13)),$B$6)
A19: Expected review cost, suggested allocation | B19: =SUMPRODUCT(O10:O13,I10:I13)
A20: Expected review cost, MUS allocation | B20: =SUMPRODUCT(N10:N13,I10:I13)
A21: Budget check | B21: =IF($B$5="Cost",IF(AND(B19<=$B$6+0.000001,B20<=$B$6+0.000001),"Within budget","OVER BUDGET"),"Count basis")
A22: What MUS assumes
A23: The global MUS allocation is recovered only when all band multipliers sqrt(p_h x s_h / c_h) are equal. Column Q shows, for each band, the occurrence rate at which its multiplier would equal the reference band's; MUS is the allocation only if every band meets its column-Q value at once. Column R shows, holding the other bands at their entered values, the occurrence at which this band's own share would equal its MUS share; the other bands' shares still differ from MUS unless their multipliers also match.
A25: Formulas
A26: Suggested share_h = D_h x sqrt(p_h x s_h / c_h) / sum over bands of the same quantity. MUS share_h = D_h. Basic mode sets s_h = 1 and c_h = 1 for every band (equal severity and cost assumed). Count basis sets c_h = 1 (with a fixed count, cost does not change the variance-minimizing allocation). Cost basis uses c_h and fixes the expected review budget.
A27: s_h is entered as the RMS percentage error among erroneous transactions and squared inside the workbook. p_h x s_h stands for the band's dollar-weighted mean squared taint; entering it as a product of occurrence and severity assumes both are homogeneous within the band. Label the source of every input in the Notes sheet.
A28: Source: Equation (11) and Supplemental Sections S1.1 and S1.6 of 'Assumed, Not Measured'. Column R: p_h = (c_h / s_h) x [sum over other bands of D_j sqrt(p_j s_j / c_j) / (1 - D_h)]^2. Example values are hypothetical planning assumptions and match Table 7 of the manuscript.
A30: Legend
A31: Blue text on yellow fill = input you edit. Black = formula (do not overwrite). Grey columns U to AB are rounding helpers. Rows 10 to 13 example values are illustrative, not measured data.

Sheet Sensitivity
A1: Sensitivity: one band's occurrence rate
A2: Vary the occurrence rate of one band while holding the other bands at their Calculator values. Multipliers apply to that band's p_h only; scaling every band by the same factor would leave the shares unchanged.
A4: Band to vary (1-4) | B4: 4
A5: Base occurrence of that band | B5: =INDEX(Calculator!$E$10:$E$13,$B$4)
A6: Base unnormalized weight of that band | B6: =INDEX(Calculator!$K$10:$K$13,$B$4)
A7: Sum of other bands' weights | B7: =Calculator!$K$14-$B$6
A9: Multiplier on p_h | B9: Occurrence used | C9: Share: band 1 | D9: Share: band 2 | E9: Share: band 3 | F9: Share: band 4 | G9: Count: varied band | H9: MUS count: varied band
A10: 0.25 | B10: =$B$5*A10 | C10: =IF($B$7+$B$6*SQRT(A10)=0,0,IF($B$4=1,$B$6*SQRT(A10),INDEX(Calculator!$K$10:$K$13,1))/($B$7+$B$6*SQRT(A10))) | D10: =IF($B$7+$B$6*SQRT(A10)=0,0,IF($B$4=2,$B$6*SQRT(A10),INDEX(Calculator!$K$10:$K$13,2))/($B$7+$B$6*SQRT(A10))) | E10: =IF($B$7+$B$6*SQRT(A10)=0,0,IF($B$4=3,$B$6*SQRT(A10),INDEX(Calculator!$K$10:$K$13,3))/($B$7+$B$6*SQRT(A10))) | F10: =IF($B$7+$B$6*SQRT(A10)=0,0,IF($B$4=4,$B$6*SQRT(A10),INDEX(Calculator!$K$10:$K$13,4))/($B$7+$B$6*SQRT(A10))) | G10: =IF(Calculator!$B$5="Cost",ROUNDDOWN(INDEX(C10:F10,$B$4)*Calculator!$B$6/(C10*Calculator!$I$10+D10*Calculator!$I$11+E10*Calculator!$I$12+F10*Calculator!$I$13),0),ROUND(INDEX(C10:F10,$B$4)*Calculator!$B$6,0)) | H10: =INDEX(Calculator!$N$10:$N$13,$B$4)
A11: 0.5 | B11: =$B$5*A11 | C11: =IF($B$7+$B$6*SQRT(A11)=0,0,IF($B$4=1,$B$6*SQRT(A11),INDEX(Calculator!$K$10:$K$13,1))/($B$7+$B$6*SQRT(A11))) | D11: =IF($B$7+$B$6*SQRT(A11)=0,0,IF($B$4=2,$B$6*SQRT(A11),INDEX(Calculator!$K$10:$K$13,2))/($B$7+$B$6*SQRT(A11))) | E11: =IF($B$7+$B$6*SQRT(A11)=0,0,IF($B$4=3,$B$6*SQRT(A11),INDEX(Calculator!$K$10:$K$13,3))/($B$7+$B$6*SQRT(A11))) | F11: =IF($B$7+$B$6*SQRT(A11)=0,0,IF($B$4=4,$B$6*SQRT(A11),INDEX(Calculator!$K$10:$K$13,4))/($B$7+$B$6*SQRT(A11))) | G11: =IF(Calculator!$B$5="Cost",ROUNDDOWN(INDEX(C11:F11,$B$4)*Calculator!$B$6/(C11*Calculator!$I$10+D11*Calculator!$I$11+E11*Calculator!$I$12+F11*Calculator!$I$13),0),ROUND(INDEX(C11:F11,$B$4)*Calculator!$B$6,0)) | H11: =INDEX(Calculator!$N$10:$N$13,$B$4)
A12: 0.75 | B12: =$B$5*A12 | C12: =IF($B$7+$B$6*SQRT(A12)=0,0,IF($B$4=1,$B$6*SQRT(A12),INDEX(Calculator!$K$10:$K$13,1))/($B$7+$B$6*SQRT(A12))) | D12: =IF($B$7+$B$6*SQRT(A12)=0,0,IF($B$4=2,$B$6*SQRT(A12),INDEX(Calculator!$K$10:$K$13,2))/($B$7+$B$6*SQRT(A12))) | E12: =IF($B$7+$B$6*SQRT(A12)=0,0,IF($B$4=3,$B$6*SQRT(A12),INDEX(Calculator!$K$10:$K$13,3))/($B$7+$B$6*SQRT(A12))) | F12: =IF($B$7+$B$6*SQRT(A12)=0,0,IF($B$4=4,$B$6*SQRT(A12),INDEX(Calculator!$K$10:$K$13,4))/($B$7+$B$6*SQRT(A12))) | G12: =IF(Calculator!$B$5="Cost",ROUNDDOWN(INDEX(C12:F12,$B$4)*Calculator!$B$6/(C12*Calculator!$I$10+D12*Calculator!$I$11+E12*Calculator!$I$12+F12*Calculator!$I$13),0),ROUND(INDEX(C12:F12,$B$4)*Calculator!$B$6,0)) | H12: =INDEX(Calculator!$N$10:$N$13,$B$4)
A13: 1 | B13: =$B$5*A13 | C13: =IF($B$7+$B$6*SQRT(A13)=0,0,IF($B$4=1,$B$6*SQRT(A13),INDEX(Calculator!$K$10:$K$13,1))/($B$7+$B$6*SQRT(A13))) | D13: =IF($B$7+$B$6*SQRT(A13)=0,0,IF($B$4=2,$B$6*SQRT(A13),INDEX(Calculator!$K$10:$K$13,2))/($B$7+$B$6*SQRT(A13))) | E13: =IF($B$7+$B$6*SQRT(A13)=0,0,IF($B$4=3,$B$6*SQRT(A13),INDEX(Calculator!$K$10:$K$13,3))/($B$7+$B$6*SQRT(A13))) | F13: =IF($B$7+$B$6*SQRT(A13)=0,0,IF($B$4=4,$B$6*SQRT(A13),INDEX(Calculator!$K$10:$K$13,4))/($B$7+$B$6*SQRT(A13))) | G13: =IF(Calculator!$B$5="Cost",ROUNDDOWN(INDEX(C13:F13,$B$4)*Calculator!$B$6/(C13*Calculator!$I$10+D13*Calculator!$I$11+E13*Calculator!$I$12+F13*Calculator!$I$13),0),ROUND(INDEX(C13:F13,$B$4)*Calculator!$B$6,0)) | H13: =INDEX(Calculator!$N$10:$N$13,$B$4)
A14: 1.5 | B14: =$B$5*A14 | C14: =IF($B$7+$B$6*SQRT(A14)=0,0,IF($B$4=1,$B$6*SQRT(A14),INDEX(Calculator!$K$10:$K$13,1))/($B$7+$B$6*SQRT(A14))) | D14: =IF($B$7+$B$6*SQRT(A14)=0,0,IF($B$4=2,$B$6*SQRT(A14),INDEX(Calculator!$K$10:$K$13,2))/($B$7+$B$6*SQRT(A14))) | E14: =IF($B$7+$B$6*SQRT(A14)=0,0,IF($B$4=3,$B$6*SQRT(A14),INDEX(Calculator!$K$10:$K$13,3))/($B$7+$B$6*SQRT(A14))) | F14: =IF($B$7+$B$6*SQRT(A14)=0,0,IF($B$4=4,$B$6*SQRT(A14),INDEX(Calculator!$K$10:$K$13,4))/($B$7+$B$6*SQRT(A14))) | G14: =IF(Calculator!$B$5="Cost",ROUNDDOWN(INDEX(C14:F14,$B$4)*Calculator!$B$6/(C14*Calculator!$I$10+D14*Calculator!$I$11+E14*Calculator!$I$12+F14*Calculator!$I$13),0),ROUND(INDEX(C14:F14,$B$4)*Calculator!$B$6,0)) | H14: =INDEX(Calculator!$N$10:$N$13,$B$4)
A15: 2 | B15: =$B$5*A15 | C15: =IF($B$7+$B$6*SQRT(A15)=0,0,IF($B$4=1,$B$6*SQRT(A15),INDEX(Calculator!$K$10:$K$13,1))/($B$7+$B$6*SQRT(A15))) | D15: =IF($B$7+$B$6*SQRT(A15)=0,0,IF($B$4=2,$B$6*SQRT(A15),INDEX(Calculator!$K$10:$K$13,2))/($B$7+$B$6*SQRT(A15))) | E15: =IF($B$7+$B$6*SQRT(A15)=0,0,IF($B$4=3,$B$6*SQRT(A15),INDEX(Calculator!$K$10:$K$13,3))/($B$7+$B$6*SQRT(A15))) | F15: =IF($B$7+$B$6*SQRT(A15)=0,0,IF($B$4=4,$B$6*SQRT(A15),INDEX(Calculator!$K$10:$K$13,4))/($B$7+$B$6*SQRT(A15))) | G15: =IF(Calculator!$B$5="Cost",ROUNDDOWN(INDEX(C15:F15,$B$4)*Calculator!$B$6/(C15*Calculator!$I$10+D15*Calculator!$I$11+E15*Calculator!$I$12+F15*Calculator!$I$13),0),ROUND(INDEX(C15:F15,$B$4)*Calculator!$B$6,0)) | H15: =INDEX(Calculator!$N$10:$N$13,$B$4)
A16: 3 | B16: =$B$5*A16 | C16: =IF($B$7+$B$6*SQRT(A16)=0,0,IF($B$4=1,$B$6*SQRT(A16),INDEX(Calculator!$K$10:$K$13,1))/($B$7+$B$6*SQRT(A16))) | D16: =IF($B$7+$B$6*SQRT(A16)=0,0,IF($B$4=2,$B$6*SQRT(A16),INDEX(Calculator!$K$10:$K$13,2))/($B$7+$B$6*SQRT(A16))) | E16: =IF($B$7+$B$6*SQRT(A16)=0,0,IF($B$4=3,$B$6*SQRT(A16),INDEX(Calculator!$K$10:$K$13,3))/($B$7+$B$6*SQRT(A16))) | F16: =IF($B$7+$B$6*SQRT(A16)=0,0,IF($B$4=4,$B$6*SQRT(A16),INDEX(Calculator!$K$10:$K$13,4))/($B$7+$B$6*SQRT(A16))) | G16: =IF(Calculator!$B$5="Cost",ROUNDDOWN(INDEX(C16:F16,$B$4)*Calculator!$B$6/(C16*Calculator!$I$10+D16*Calculator!$I$11+E16*Calculator!$I$12+F16*Calculator!$I$13),0),ROUND(INDEX(C16:F16,$B$4)*Calculator!$B$6,0)) | H16: =INDEX(Calculator!$N$10:$N$13,$B$4)
A17: 5 | B17: =$B$5*A17 | C17: =IF($B$7+$B$6*SQRT(A17)=0,0,IF($B$4=1,$B$6*SQRT(A17),INDEX(Calculator!$K$10:$K$13,1))/($B$7+$B$6*SQRT(A17))) | D17: =IF($B$7+$B$6*SQRT(A17)=0,0,IF($B$4=2,$B$6*SQRT(A17),INDEX(Calculator!$K$10:$K$13,2))/($B$7+$B$6*SQRT(A17))) | E17: =IF($B$7+$B$6*SQRT(A17)=0,0,IF($B$4=3,$B$6*SQRT(A17),INDEX(Calculator!$K$10:$K$13,3))/($B$7+$B$6*SQRT(A17))) | F17: =IF($B$7+$B$6*SQRT(A17)=0,0,IF($B$4=4,$B$6*SQRT(A17),INDEX(Calculator!$K$10:$K$13,4))/($B$7+$B$6*SQRT(A17))) | G17: =IF(Calculator!$B$5="Cost",ROUNDDOWN(INDEX(C17:F17,$B$4)*Calculator!$B$6/(C17*Calculator!$I$10+D17*Calculator!$I$11+E17*Calculator!$I$12+F17*Calculator!$I$13),0),ROUND(INDEX(C17:F17,$B$4)*Calculator!$B$6,0)) | H17: =INDEX(Calculator!$N$10:$N$13,$B$4)
A19: Reading: the row with multiplier 1.00 reproduces the Calculator sheet's shares. Rows above and below show how much the varied band's share and count move if its occurrence rate is lower or higher than assumed. The varied band's count is rounded on its own, so it can differ by one from the largest-remainder count on the Calculator sheet.

Sheet Notes
A1: Notes and assumptions
A3: Purpose | B3: Allocates a chosen probabilistic sample across 3 or 4 amount bands in proportion to the residual misstatement risk the auditor anticipates in each band. Companion to 'Assumed, Not Measured: What Monetary-Unit Sampling Assumes About Where Error Lives'.
A4: Not a sample-size tool | B4: The planned sample size or review budget (Calculator!B6) comes from the engagement's own sample-size determination. This workbook only distributes it across bands.
A5: Certainty items | B5: Remove individually material, high-consequence and policy-required items before using the workbook. The dollar shares D_h refer to the remaining population.
A6: Formula | B6: Suggested share_h = D_h x sqrt(p_h x s_h / c_h), normalized to sum to one. D_h = share of remaining dollars; p_h = probability a transaction in the band is erroneous; s_h = expected squared percentage misstatement among erroneous transactions (entered as its square root, the RMS percentage error); c_h = relative review cost per transaction.
A7: Budget basis: Count | B7: B6 is a fixed number of transactions. With the count fixed, the variance-minimizing allocation is share_h proportional to D_h x sqrt(p_h x s_h) and does not depend on review cost, so c_h is set to 1. Use this basis when review costs are equal.
A8: Budget basis: Cost | B8: B6 is an expected review budget in the cost units of column G. The allocation D_h x sqrt(p_h x s_h / c_h) is then the variance-minimizing one for that budget, and the expected counts (B17, B18) are outputs. Use this basis when review costs differ across bands.
A9: Basic mode | B9: Sets s_h = 1 and c_h = 1 for every band, so share_h is proportional to D_h x sqrt(p_h). This assumes equal percentage severity and equal review cost across bands; state that assumption when you use it.
A10: Advanced mode | B10: Uses the entered RMS percentage error (squared) as s_h, and under the Cost basis the entered cost as c_h. Blank or zero severity falls back to 1; blank or zero cost falls back to 1.
A11: MUS as the special case | B11: The global MUS allocation is recovered only when all band multipliers sqrt(p_h x s_h / c_h) are equal; the suggested share then equals the MUS share D_h in every band.
A12: Column Q | B12: Occurrence matching the reference band's risk multiplier: the rate at which this band's sqrt(p_h x s_h / c_h) would equal the reference band's. MUS is the allocation only if every band meets its column-Q value at the same time. Changing one band's occurrence to its column-Q value does not by itself make MUS the risk-aligned allocation.
A13: Column R | B13: Holding the other bands at their entered values, the occurrence at which this band's suggested share equals its MUS share: p_h = (c_h / s_h) x [sum over other bands of D_j sqrt(p_j s_j / c_j) / (1 - D_h)]^2. The other bands' shares still differ from MUS unless their multipliers also match.
A14: Within-band homogeneity | B14: The general band quantity is q_h = (1/A_h) x sum over items in the band of m_i / a_i, the band's dollar-weighted mean squared taint. Entering it as p_h x s_h assumes occurrence and severity are homogeneous within the band; with heterogeneity, enter p_h and s_h so that their product equals the band's dollar-weighted mean of occurrence times squared taint.
... A19: Verification | B19: The companion Python script check_calculator.py reproduces the example allocation independently and compares it with the workbook's recalculated values, in both budget bases.
